{"file:///c%3A/Users/Administrator/Desktop/tntjs/tsconfig.json":{"language":"JSON with Comments","code":17,"comment":0,"blank":0},"file:///c%3A/Users/Administrator/Desktop/tntjs/TNTSymbolTable.ts":{"language":"TypeScript","code":50,"comment":0,"blank":3},"file:///c%3A/Users/Administrator/Desktop/tntjs/tnt.js":{"language":"JavaScript","code":393,"comment":1,"blank":0},"file:///c%3A/Users/Administrator/Desktop/tntjs/TNTGlobal.ts":{"language":"TypeScript","code":13,"comment":1,"blank":0},"file:///c%3A/Users/Administrator/Desktop/tntjs/tnt.ts":{"language":"TypeScript","code":311,"comment":47,"blank":15},"file:///c%3A/Users/Administrator/Desktop/tntjs/tnt.d.ts":{"language":"TypeScript","code":21,"comment":0,"blank":1},"file:///c%3A/Users/Administrator/Desktop/tntjs/setup.ts":{"language":"TypeScript","code":12,"comment":0,"blank":0},"file:///c%3A/Users/Administrator/Desktop/tntjs/README.md":{"language":"Markdown","code":53,"comment":0,"blank":5},"file:///c%3A/Users/Administrator/Desktop/tntjs/README.jp.md":{"language":"Markdown","code":37,"comment":0,"blank":6},"file:///c%3A/Users/Administrator/Desktop/tntjs/README.en.md":{"language":"Markdown","code":37,"comment":0,"blank":3},"file:///c%3A/Users/Administrator/Desktop/tntjs/package.json":{"language":"JSON","code":22,"comment":0,"blank":1},"file:///c%3A/Users/Administrator/Desktop/tntjs/index.html":{"language":"HTML","code":19,"comment":0,"blank":0},"file:///c%3A/Users/Administrator/Desktop/tntjs/test/var.js":{"language":"JavaScript","code":177,"comment":18,"blank":7},"file:///c%3A/Users/Administrator/Desktop/tntjs/test/own_value.js":{"language":"JavaScript","code":8,"comment":0,"blank":0},"file:///c%3A/Users/Administrator/Desktop/tntjs/package-lock.json":{"language":"JSON","code":2086,"comment":0,"blank":1}}